{
  "experiment": "rung3_transformer",
  "timestamp": "2026-03-24T07:24:44.446740",
  "config": {
    "n_types": 8,
    "type_dim": 8,
    "n_bands": 8,
    "hidden": 256,
    "ff_dim": 512,
    "n_layers": 6,
    "n_heads": 4,
    "max_len": 512,
    "dense_epochs": 10,
    "genome_epochs": 15,
    "sparsity_weight": 0.01,
    "device": "mps"
  },
  "results": {
    "dense_transformer": {
      "params": 11108354,
      "acc": 0.84568,
      "time": 5437.583262205124
    },
    "genome_transformer": {
      "params": 12091140,
      "genome_params": 258,
      "acc": 0.5,
      "time": 8835.101458311081,
      "hard_density": 0.0,
      "soft_density": 0.0,
      "active": 0,
      "total": 1774592
    },
    "random_sparse_transformer": {
      "params": 12090882,
      "acc": 0.5,
      "time": 5626.980274915695
    },
    "dense_skip_transformer": {
      "params": 12090882,
      "acc": 0.84676,
      "time": 5454.99631690979
    }
  },
  "genome_state": "results/genome_transformer_20260324T072444.pt",
  "total_time": 25354.66131234169
}